tr|A0A258M961|A0A258M961_9BURK:	 Ammonium transporter Polynucleobacter sp. 35-46-11 
tr|A0A2U9T2W9|A0A2U9T2W9_9GAMM:	 Ammonium transporter Lysobacter maris 
tr|A0A259IH62|A0A259IH62_9BURK:	 Ammonium transporter Polynucleobacter sp. 39-46-10 
tr|A0A1H3EZE1|A0A1H3EZE1_LYSEN:	 Ammonium transporter Lysobacter enzymogenes 
tr|A0A1G3CU56|A0A1G3CU56_9BURK:	 Ammonium transporter Polynucleobacter sp. GWA2_45_21 
tr|A0A0A0EY24|A0A0A0EY24_9GAMM:	 Ammonium transporter Lysobacter daejeonensis GH1-9 
tr|A0A4R8F1T3|A0A4R8F1T3_9ENTR:	 Ammonium transporter Buttiauxella sp. BIGb0552 
tr|A0A1B7HUF3|A0A1B7HUF3_9ENTR:	 Ammonium transporter Buttiauxella gaviniae ATCC 51604 
tr|A0A1B7I1P1|A0A1B7I1P1_9ENTR:	 Ammonium transporter Buttiauxella noackiae ATCC 51607 
tr|A0A3S6EVI2|A0A3S6EVI2_YERET:	 Ammonium transporter Yersinia entomophaga 
tr|G9Y5B0|G9Y5B0_HAFAL:	 Ammonium transporter Hafnia alvei ATCC 51873 
tr|E5YHS2|E5YHS2_9ENTR:	 Ammonium transporter Enterobacteriaceae bacterium 9_2_54FAA 
tr|A0A097R891|A0A097R891_HAFAL:	 Ammonium transporter Hafnia alvei FB1 
tr|A0A1C6Z081|A0A1C6Z081_HAFAL:	 Ammonium transporter Hafnia alvei 
tr|A0A2I0FT29|A0A2I0FT29_9GAMM:	 Ammonium transporter Enterobacterales bacterium CwR94 
tr|A0A0Q7BLT2|A0A0Q7BLT2_9BURK:	 Ammonium transporter Pelomonas sp. Root405 
tr|A0A0Q8GYT9|A0A0Q8GYT9_9BURK:	 Ammonium transporter Pelomonas sp. Root662 
tr|A0A318H0D7|A0A318H0D7_9BURK:	 Ammonium transporter Sphaerotilus hippei 
tr|A0A2R4NWI0|A0A2R4NWI0_9GAMM:	 Ammonium transporter Yersinia massiliensis 
tr|A0A085U5C1|A0A085U5C1_YERRU:	 Ammonium transporter Yersinia ruckeri 
tr|A0A2J9HH20|A0A2J9HH20_HAFAL:	 Ammonium transporter Hafnia alvei 
tr|A0A0F7LH19|A0A0F7LH19_9GAMM:	 Ammonium transporter Photorhabdus thracensis 
tr|A0A081S219|A0A081S219_PHOTE:	 Ammonium transporter Photorhabdus temperata subsp. temperata Meg1 
tr|T0QHC9|T0QHC9_PHOTE:	 Ammonium transporter Photorhabdus temperata subsp. temperata M1021 
tr|U7R3F9|U7R3F9_PHOTE:	 Ammonium transporter Photorhabdus temperata J3 
tr|A0A4R4K1P9|A0A4R4K1P9_9GAMM:	 Ammonium transporter Photorhabdus khanii subsp. guanajuatensis 
tr|W3VDI9|W3VDI9_9GAMM:	 Ammonium transporter Photorhabdus khanii NC19 
tr|A0A2U1CHN2|A0A2U1CHN2_9BURK:	 Ammonium transporter Pusillimonas noertemannii 
tr|A0A0L6TD34|A0A0L6TD34_9BURK:	 Ammonium transporter Methylibium sp. NZG 
tr|A0A2G4U2X5|A0A2G4U2X5_YERBE:	 Ammonium transporter Yersinia bercovieri 
tr|A0A2G4UHN8|A0A2G4UHN8_YERMO:	 Ammonium transporter Yersinia mollaretii 
tr|A0A209AI19|A0A209AI19_YERFR:	 Ammonium transporter Yersinia frederiksenii 
tr|A0A1M7NFV1|A0A1M7NFV1_9BURK:	 Ammonium transporter Rhizobacter sp. OV335 
tr|A0A4R3LD48|A0A4R3LD48_9BURK:	 Ammonium transporter Tepidimonas ignava 
tr|A0A0Q6MTA3|A0A0Q6MTA3_9BURK:	 Ammonium transporter Rhizobacter sp. Root29 
tr|A0A410XB52|A0A410XB52_PROHU:	 Ammonium transporter Proteus hauseri 
tr|A0A2A7TDF7|A0A2A7TDF7_YERKR:	 Ammonium transporter Yersinia kristensenii 
tr|A0A1A6DTB8|A0A1A6DTB8_9BURK:	 Ammonium transporter Tepidimonas fonticaldi 
tr|A0A209A1K9|A0A209A1K9_YERIN:	 Ammonium transporter Yersinia intermedia 
tr|A0A2J9SIW1|A0A2J9SIW1_YEREN:	 Ammonium transporter Yersinia enterocolitica 
tr|A0A514BVJ2|A0A514BVJ2_9GAMM:	 Ammonium transporter Lysobacter alkalisoli 
tr|A0A209B0L9|A0A209B0L9_YERFR:	 Ammonium transporter Yersinia frederiksenii 
tr|A0A4R6UJ91|A0A4R6UJ91_9BURK:	 Ammonium transporter Tepidicella xavieri 
tr|A0A1G7WN15|A0A1G7WN15_9BURK:	 Ammonium transporter Duganella sp. OV458 
tr|A0A2S5SW16|A0A2S5SW16_9BURK:	 Ammonium transporter Zhizhongheella caldifontis 
tr|A0A2H5EZK8|A0A2H5EZK8_9RHOB:	 Ammonium transporter Paracoccus zhejiangensis 
tr|A0A0J8YHB3|A0A0J8YHB3_9GAMM:	 Ammonium transporter bacteria symbiont BFo1 of Frankliniella occidentalis 
tr|A0A2G8D1P4|A0A2G8D1P4_9GAMM:	 Ammonium transporter Erwinia sp. OLMDLW33 
tr|A0A246NI70|A0A246NI70_9GAMM:	 Ammonium transporter Pantoea sp. VS1 
tr|A0A6A5B9D8|A0A6A5B9D8_9GAMM:	 Ammonium transporter Pantoea dispersa 625 
tr|A0A0H2YF12|A0A0H2YF12_YERPN:	 Ammonium transporter Yersinia pestis bv. Antiqua (strain Nepal516) 
tr|A0A4R7GLR8|A0A4R7GLR8_ERWRD:	 Ammonium transporter Erwinia rhapontici 
tr|A0A0H3B6F1|A0A0H3B6F1_YERPY:	 Ammonium transporter Yersinia pseudotuberculosis serotype O:3 (strain YPIII) 
tr|A0A3S7S5X6|A0A3S7S5X6_9GAMM:	 Ammonium transporter Erwinia persicina 
tr|A0A2W6TU98|A0A2W6TU98_9GAMM:	 Ammonium transporter Stenotrophomonas sp. 
tr|A0A1V9DIA7|A0A1V9DIA7_9GAMM:	 Ammonium transporter Pantoea latae 
tr|A0A2P5IR76|A0A2P5IR76_9GAMM:	 Ammonium transporter Pantoea sp. PSNIH6 
tr|A0A0Q4MWE7|A0A0Q4MWE7_9GAMM:	 Ammonium transporter Erwinia sp. Leaf53 
tr|F1W228|F1W228_9BURK:	 Ammonium transporter Oxalobacteraceae bacterium IMCC9480 
tr|A0A0R0ADS3|A0A0R0ADS3_9GAMM:	 Ammonium transporter Stenotrophomonas pictorum JCM 9942 
tr|A0A1H7ZQ23|A0A1H7ZQ23_9BURK:	 Ammonium transporter Duganella sp. CF402 
tr|A0A7H4ZH93|A0A7H4ZH93_YERP4:	 Ammonium transporter Yersinia enterocolitica subsp. palearctica serotype O:3 (strain YE-P4) 
tr|A0A7U4GDT4|A0A7U4GDT4_YEREN:	 Ammonium transporter Yersinia enterocolitica LC20 
tr|A0A0H3NLY7|A0A0H3NLY7_YERE1:	 Ammonium transporter Yersinia enterocolitica subsp. palearctica serotype O:3 (strain DSM 13030 / CIP 106945 / Y11) 
tr|A0A2S7JAA5|A0A2S7JAA5_9BURK:	 Ammonium transporter Rhodoferax sp. TS-BS-61-7 
tr|A0A1N6UME2|A0A1N6UME2_9BURK:	 Ammonium transporter Pseudacidovorax sp. RU35E 
tr|A0A4R3NLV5|A0A4R3NLV5_9GAMM:	 Ammonium transporter Providencia alcalifaciens 
tr|A0A0A1VAH2|A0A0A1VAH2_9BURK:	 Ammonium transporter Acidovorax sp. MR-S7 
tr|A0A1X1E2V9|A0A1X1E2V9_9GAMM:	 Ammonium transporter Mixta gaviniae 
tr|A0A0U2TXH6|A0A0U2TXH6_9BURK:	 Ammonium transporter Roseateles depolymerans 
tr|A0A0L7T3F7|A0A0L7T3F7_9GAMM:	 Ammonium transporter Erwinia iniecta 
tr|A0A2S0VCC9|A0A2S0VCC9_9ENTR:	 Ammonium transporter Enterobacteriaceae bacterium S05 
tr|A0A3Q9UBR1|A0A3Q9UBR1_9ENTR:	 Ammonium transporter Klebsiella sp. LY 
tr|A0A2G4ZGI9|A0A2G4ZGI9_KLEVA:	 Ammonium transporter Klebsiella variicola 
tr|A0A210S054|A0A210S054_9BURK:	 Ammonium transporter Polynucleobacter hirudinilacicola 
tr|A0A0H3GST1|A0A0H3GST1_KLEPH:	 Ammonium transporter Klebsiella pneumoniae subsp. pneumoniae (strain HS11286) 
tr|A0A1D2THR2|A0A1D2THR2_9BURK:	 Ammonium transporter Lautropia sp. SCN 70-15 
tr|A0A7U9D0I5|A0A7U9D0I5_KLEPN:	 Ammonium transporter Klebsiella pneumoniae subsp. pneumoniae KpQ3 
tr|A0A443VKZ1|A0A443VKZ1_RAOPL:	 Ammonium transporter Raoultella planticola 
tr|A0A1F2MA74|A0A1F2MA74_9ENTR:	 Ammonium transporter Klebsiella sp. HMSC16C06 
tr|A0A1Y6GLJ1|A0A1Y6GLJ1_RAOOR:	 Ammonium transporter Raoultella ornithinolytica 
tr|A0A0J8YVT0|A0A0J8YVT0_9GAMM:	 Ammonium transporter bacteria symbiont BFo2 of Frankliniella occidentalis 
tr|J2E8K4|J2E8K4_KLEPN:	 Ammonium transporter Klebsiella pneumoniae subsp. pneumoniae DSM 30104 = JCM 1662 = NBRC 14940 
tr|V0AYP4|V0AYP4_KLEPN:	 Ammonium transporter Klebsiella pneumoniae 909957 
tr|A0A2G8BS95|A0A2G8BS95_9GAMM:	 Ammonium transporter Tatumella sp. OPLPL6 
tr|A0A0E1CNB1|A0A0E1CNB1_KLEPN:	 Ammonium transporter Klebsiella pneumoniae 30660/NJST258_1 
tr|W8UM76|W8UM76_KLEPN:	 Ammonium transporter Klebsiella pneumoniae 30684/NJST258_2 
tr|A0A7U8VCG8|A0A7U8VCG8_KLEVA:	 Ammonium transporter Klebsiella variicola 
tr|A0A1H9IHF3|A0A1H9IHF3_9GAMM:	 Ammonium transporter Rosenbergiella nectarea 
tr|A0A1F4J1K4|A0A1F4J1K4_9BURK:	 Ammonium transporter Burkholderiales bacterium RIFCSPLOWO2_02_FULL_67_64 
tr|A0A318JDZ5|A0A318JDZ5_9BURK:	 Ammonium transporter Undibacterium pigrum 
tr|A0A0Q4QJ92|A0A0Q4QJ92_9GAMM:	 Ammonium transporter Stenotrophomonas sp. Leaf70 
tr|A0A2R7T9U0|A0A2R7T9U0_9BURK:	 Ammonium transporter Pelomonas sp. HMWF004 
tr|A0A2P6AS19|A0A2P6AS19_9GAMM:	 Ammonium transporter Amnimonas aquatica 
tr|A0A2R7MNA5|A0A2R7MNA5_9BURK:	 Ammonium transporter Acidovorax sp. HMWF029 
tr|A0A257C9D0|A0A257C9D0_9BURK:	 Ammonium transporter Burkholderiales bacterium PBB6 
tr|A0A235ELM8|A0A235ELM8_9BURK:	 Ammonium transporter Acidovorax kalamii 
tr|A0A3N7F4K0|A0A3N7F4K0_9BURK:	 Ammonium transporter Acidovorax sp. FJL06 
tr|A0A1F4GHV7|A0A1F4GHV7_9BURK:	 Ammonium transporter Burkholderiales bacterium RIFCSPHIGHO2_01_FULL_63_240 
tr|A0A7G3G7C8|A0A7G3G7C8_9NEIS:	 Ammonium transporter Iodobacter fluviatilis 
tr|A0A2G3J721|A0A2G3J721_9NEIS:	 Ammonium transporter Iodobacter sp. BJB302 
tr|A0A0R0MK09|A0A0R0MK09_9BURK:	 Ammonium transporter Curvibacter sp. PAE-UM 
tr|A0A0R0CF00|A0A0R0CF00_9GAMM:	 Ammonium transporter Stenotrophomonas humi 
tr|A0A1V3RS32|A0A1V3RS32_9BURK:	 Ammonium transporter Hydrogenophaga sp. A37 
tr|A0A3N4VEN4|A0A3N4VEN4_9BURK:	 Ammonium transporter Tibeticola sediminis 
tr|A0A2D0IE37|A0A2D0IE37_9BURK:	 Ammonium transporter Curvibacter sp. PD_MW3 
tr|A0A1F8W5L8|A0A1F8W5L8_9BURK:	 Ammonium transporter Curvibacter sp. GWA2_64_110 
tr|A0A229FUW4|A0A229FUW4_9BURK:	 Ammonium transporter Polynucleobacter cosmopolitanus 
tr|A0A2S9GW79|A0A2S9GW79_9BURK:	 Ammonium transporter Solimicrobium silvestre 
tr|C4Y3T9|C4Y3T9_CLAL4:	 Ammonium transporter Clavispora lusitaniae (strain ATCC 42720) 
tr|A0A165KGW1|A0A165KGW1_9BURK:	 Ammonium transporter Acidovorax sp. GW101-3H11 
tr|A0A1F4ELR1|A0A1F4ELR1_9BURK:	 Ammonium transporter Burkholderiales bacterium RIFCSPHIGHO2_01_FULL_64_960 
tr|A0A495I3B7|A0A495I3B7_9BURK:	 Ammonium transporter Acidovorax sp. 94 
tr|A0A2R7P0L7|A0A2R7P0L7_9BURK:	 Ammonium transporter Acidovorax sp. HMWF018 
tr|A0A0N8VTZ0|A0A0N8VTZ0_9BURK:	 Ammonium transporter Acidovorax sp. SD340 
tr|A0A1F4IJG9|A0A1F4IJG9_9BURK:	 Ammonium transporter Burkholderiales bacterium RIFCSPHIGHO2_12_FULL_65_48 
tr|A0A2U1DUF0|A0A2U1DUF0_9BURK:	 Ammonium transporter Acidovorax sp. 99 
tr|A0A0Q9CXQ6|A0A0Q9CXQ6_9BURK:	 Ammonium transporter Acidovorax sp. Root275 
tr|A0A1F4GPU5|A0A1F4GPU5_9BURK:	 Ammonium transporter Burkholderiales bacterium GWA2_64_37 
tr|A0A2G6SF81|A0A2G6SF81_9BURK:	 Ammonium transporter Acidovorax sp. 59 
tr|A0A2T6JI21|A0A2T6JI21_9BURK:	 Ammonium transporter Acidovorax sp. 107 
tr|A0A3L9YLY1|A0A3L9YLY1_9BURK:	 Ammonium transporter Acidovorax sp. 100 
tr|A0A561XTK8|A0A561XTK8_ACIDE:	 Ammonium transporter Acidovorax delafieldii 
tr|A0A1E4SE62|A0A1E4SE62_9ASCO:	 Ammonium transporter Suhomyces tanzawaensis NRRL Y-17324 
tr|A0A0Q6WC74|A0A0Q6WC74_9BURK:	 Ammonium transporter Massilia sp. Root351 
tr|A0A1W6B187|A0A1W6B187_9GAMM:	 Ammonium transporter Pantoea alhagi 
tr|Q6BT62|Q6BT62_DEBHA:	 Ammonium transporter Debaryomyces hansenii (strain ATCC 36239 / CBS 767 / BCRC 21394 / JCM 1990 / NBRC 0083 / IGC 2968) 
tr|A0A255ZMN7|A0A255ZMN7_9BURK:	 Ammonium transporter Rhodoferax sp. TH121 
tr|A0A1D2S9U4|A0A1D2S9U4_9BURK:	 Ammonium transporter Comamonas sp. SCN 65-56 
tr|A0A1F8VUF8|A0A1F8VUF8_9BURK:	 Ammonium transporter Curvibacter sp. GWA2_63_95 
tr|A0A202FYD4|A0A202FYD4_CLALS:	 Ammonium transporter Clavispora lusitaniae 
tr|A0A3A0F1V3|A0A3A0F1V3_9BURK:	 Ammonium transporter Burkholderiales bacterium 
tr|A0A2N5EQM3|A0A2N5EQM3_9GAMM:	 Ammonium transporter Chimaeribacter arupi 
tr|A0A2N5E9V9|A0A2N5E9V9_9GAMM:	 Ammonium transporter Chimaeribacter californicus 
tr|A0A2N5EAZ5|A0A2N5EAZ5_9GAMM:	 Ammonium transporter Chimaeribacter coloradensis 
tr|A0A7Z1KXW7|A0A7Z1KXW7_9BURK:	 Ammonium transporter Janthinobacterium sp. BJB412 
tr|A0A4R3HX69|A0A4R3HX69_PAULE:	 Ammonium transporter Paucimonas lemoignei 
tr|A0A521XBA6|A0A521XBA6_9PROT:	 Ammonium transporter Betaproteobacteria bacterium 
tr|A0A1G7VM92|A0A1G7VM92_9RHOO:	 Ammonium transporter Propionivibrio dicarboxylicus 
tr|A0A1C9VKX5|A0A1C9VKX5_9BURK:	 Ammonium transporter Hydrogenophaga sp. PBC 
tr|A0A1L1PQL7|A0A1L1PQL7_HYDIT:	 Ammonium transporter Hydrogenophaga intermedia 
tr|A0A315E2A2|A0A315E2A2_9BURK:	 Ammonium transporter Limnohabitans sp. Hippo4 
tr|A0A191UHR7|A0A191UHR7_9BURK:	 Ammonium transporter Polynucleobacter wuianus 
tr|A0A1I1EGJ3|A0A1I1EGJ3_9BURK:	 Ammonium transporter Polaromonas sp. OV174 
tr|A0A315B8Q1|A0A315B8Q1_9BURK:	 Ammonium transporter Limnohabitans sp. MMS-10A-178 
tr|G8QH80|G8QH80_AZOOP:	 Ammonium transporter Azospira oryzae (strain ATCC BAA-33 / DSM 13638 / PS) 
tr|A0A1I4RNV5|A0A1I4RNV5_9BURK:	 Ammonium transporter Rugamonas rubra 
tr|A0A0V1PUY7|A0A0V1PUY7_9ASCO:	 Ammonium transporter Debaryomyces fabryi 
tr|A0A6M9PSU3|A0A6M9PSU3_9BURK:	 Ammonium transporter Polynucleobacter sp. MWH-UH21B 
tr|C4YI32|C4YI32_CANAW:	 Ammonium transporter Candida albicans (strain WO-1) 
tr|A0A0Q7T632|A0A0Q7T632_9BURK:	 Ammonium transporter Pelomonas sp. Root1444 
tr|C5M1R5|C5M1R5_CANTT:	 Ammonium transporter Candida tropicalis (strain ATCC MYA-3404 / T1) 
tr|A0A231HHJ2|A0A231HHJ2_9BURK:	 Ammonium transporter Pusillimonas sp. T2 
tr|A0A423S1V0|A0A423S1V0_9BURK:	 Ammonium transporter Pusillimonas sp. NJUB218 
tr|A0A0Q6SAS8|A0A0Q6SAS8_9BURK:	 Ammonium transporter Massilia sp. Root335 
tr|A0A1G7MBG4|A0A1G7MBG4_9BURK:	 Ammonium transporter Massilia sp. PDC64 
tr|A0A0Q5CNB7|A0A0Q5CNB7_9BURK:	 Ammonium transporter Duganella sp. Leaf126 
tr|A0A2S8GX12|A0A2S8GX12_9BURK:	 Ammonium transporter Massilia phosphatilytica 
tr|A0A098U212|A0A098U212_9BURK:	 Ammonium transporter Massilia sp. JS1662 
tr|A0A315AYA7|A0A315AYA7_9BURK:	 Ammonium transporter Limnohabitans sp. T6-20 
tr|A0A315AVA2|A0A315AVA2_9BURK:	 Ammonium transporter Limnohabitans sp. WS1 
tr|A0A1N6LK49|A0A1N6LK49_9BURK:	 Ammonium transporter Burkholderia sp. GAS332 
tr|A0A0Q8Q4V6|A0A0Q8Q4V6_9BURK:	 Ammonium transporter Noviherbaspirillum sp. Root189 
tr|A0A1H8ICI0|A0A1H8ICI0_9BURK:	 Ammonium transporter Duganella sp. CF517 
tr|A0A1H7JV53|A0A1H7JV53_9BURK:	 Ammonium transporter Roseateles sp. YR242 
tr|A0A246IY65|A0A246IY65_9BURK:	 Ammonium transporter Roseateles aquatilis 
tr|A0A4R6RP79|A0A4R6RP79_9BURK:	 Ammonium transporter Aquabacterium commune 
tr|A0A1Z1SZE8|A0A1Z1SZE8_PROMI:	 Ammonium transporter Proteus mirabilis 
tr|A0A0H3FPL1|A0A0H3FPL1_KLEAK:	 Ammonium transporter Klebsiella aerogenes (strain ATCC 13048 / DSM 30053 / JCM 1235 / KCTC 2190 / NBRC 13534 / NCIMB 10102 / NCTC 10006) 
tr|A0A1V3Z7C8|A0A1V3Z7C8_KLEAE:	 Ammonium transporter Klebsiella aerogenes 
tr|M3JYK3|M3JYK3_CANMX:	 Ammonium transporter Candida maltosa (strain Xu316) 
tr|A0A261S5V9|A0A261S5V9_9BORD:	 Ammonium transporter Bordetella genomosp. 1 
tr|A0A290ZR85|A0A290ZR85_9RHOO:	 Ammonium transporter Thauera sp. K11 
tr|A0A363RD92|A0A363RD92_9BURK:	 Ammonium transporter Comamonas sp. JNW 
tr|A0A1D2U5Y7|A0A1D2U5Y7_9BURK:	 Ammonium transporter Comamonas sp. SCN 67-35 
tr|A0A1Q3YF44|A0A1Q3YF44_9BURK:	 Ammonium transporter Burkholderiales bacterium 66-26 
tr|A0A1Y2Q532|A0A1Y2Q532_9BURK:	 Ammonium transporter Hydrogenophaga sp. IBVHS2 
tr|A0A1P8K5J3|A0A1P8K5J3_9BURK:	 Ammonium transporter Rhodoferax saidenbachensis 
tr|A0A255HZD0|A0A255HZD0_9BURK:	 Ammonium transporter Janthinobacterium sp. PC23-8 
tr|A0A2U1CA97|A0A2U1CA97_9BURK:	 Ammonium transporter Simplicispira sp. 125 
tr|B9MAM0|B9MAM0_ACIET:	 Ammonium transporter Acidovorax ebreus (strain TPSY) 
tr|A1W2E4|A1W2E4_ACISJ:	 Ammonium transporter Acidovorax sp. (strain JS42) 
tr|A0A2Z2LLU4|A0A2Z2LLU4_9BURK:	 Ammonium transporter Diaphorobacter polyhydroxybutyrativorans 
tr|A0A0J0YBY0|A0A0J0YBY0_9BURK:	 Ammonium transporter Diaphorobacter sp. J5-51 
tr|W9HEU4|W9HEU4_9PROT:	 Ammonium transporter Skermanella stibiiresistens SB22 
tr|A0A1C3K755|A0A1C3K755_9BURK:	 Ammonium transporter Orrella dioscoreae 
tr|A0A484RIY9|A0A484RIY9_9ZZZZ:	 Ammonium transporter plant metagenome 
tr|A0A484TIM3|A0A484TIM3_9ZZZZ:	 Ammonium transporter plant metagenome 
tr|A0A1C2DER2|A0A1C2DER2_9HYPH:	 Ammonium transporter Mesorhizobium hungaricum 
tr|A0A1I5WIX8|A0A1I5WIX8_9BURK:	 Ammonium transporter Variovorax sp. 770b2 
tr|A0A1A7C2K4|A0A1A7C2K4_9BURK:	 Ammonium transporter Janthinobacterium psychrotolerans 
tr|A0A421JEE3|A0A421JEE3_9ASCO:	 Ammonium transporter Meyerozyma sp. JA9 
tr|A0A4R7FTT2|A0A4R7FTT2_9BURK:	 Ammonium transporter Comamonas sp. JUb58 
tr|A0A2G6T405|A0A2G6T405_9BURK:	 Ammonium transporter Acidovorax sp. 56 
tr|A0A2G6YDA2|A0A2G6YDA2_9BURK:	 Ammonium transporter Acidovorax sp. 62 
tr|A0A497V400|A0A497V400_9BURK:	 Ammonium transporter Acidovorax sp. 106 
tr|A0A2M6V3Z9|A0A2M6V3Z9_9BURK:	 Ammonium transporter Limnohabitans sp. B9-3 
tr|A0A2S7JHW4|A0A2S7JHW4_9BURK:	 Ammonium transporter Limnohabitans sp. TS-CS-82 
tr|A0A2N2QD25|A0A2N2QD25_9PROT:	 Ammonium transporter Betaproteobacteria bacterium HGW-Betaproteobacteria-9 
tr|A0A2G8T288|A0A2G8T288_9BURK:	 Ammonium transporter Massilia psychrophila 
tr|A0A1V4CDL6|A0A1V4CDL6_9BURK:	 Ammonium transporter Hydrogenophaga sp. H7 
tr|A0A2Z4JUM3|A0A2Z4JUM3_9BURK:	 Ammonium transporter Polynucleobacter paneuropaeus 
tr|A0A261TFY6|A0A261TFY6_9BORD:	 Ammonium transporter Bordetella genomosp. 5 
tr|A0A2N2T1Q0|A0A2N2T1Q0_9PROT:	 Ammonium transporter Betaproteobacteria bacterium HGW-Betaproteobacteria-18 
tr|F3KUN4|F3KUN4_9BURK:	 Ammonium transporter Hylemonella gracilis ATCC 19624 
tr|G8BIM0|G8BIM0_CANPC:	 Ammonium transporter Candida parapsilosis (strain CDC 317 / ATCC MYA-4646) 
tr|H8X7U3|H8X7U3_CANO9:	 Ammonium transporter Candida orthopsilosis (strain 90-125) 
tr|A0A543KVZ7|A0A543KVZ7_9BURK:	 Ammonium transporter Acidovorax temperans 
tr|A0A2G8EMH7|A0A2G8EMH7_9GAMM:	 Ammonium transporter Erwinia sp. OLSSP12 
tr|A0A5E4T7F5|A0A5E4T7F5_9BURK:	 Ammonium transporter Pandoraea eparura 
tr|A0A0Q7F5P2|A0A0Q7F5P2_9BURK:	 Ammonium transporter Massilia sp. Root418 
tr|A0A0D7KAW3|A0A0D7KAW3_9BURK:	 Ammonium transporter Acidovorax temperans 
tr|A0A1M5RUX2|A0A1M5RUX2_9BURK:	 Ammonium transporter Massilia sp. CF038 
tr|A0A5E4RWY5|A0A5E4RWY5_9BURK:	 Ammonium transporter Pandoraea cepalis 
tr|A0A5E4S0H3|A0A5E4S0H3_9BURK:	 Ammonium transporter Pandoraea terrigena 
tr|A0A5E4V858|A0A5E4V858_9BURK:	 Ammonium transporter Pandoraea soli 
tr|A0A1I7ET58|A0A1I7ET58_9BURK:	 Ammonium transporter Massilia namucuonensis 
tr|A0A2U9S128|A0A2U9S128_9PROT:	 Ammonium transporter Azospirillum ramasamyi 
tr|A0A3N1VXY4|A0A3N1VXY4_9GAMM:	 Ammonium transporter Erwinia sp. JUb26 
tr|A0A2S9IIF1|A0A2S9IIF1_9GAMM:	 Ammonium transporter Pantoea coffeiphila 
tr|A0A5S4EKI3|A0A5S4EKI3_9PROT:	 Ammonium transporter Candidatus Accumulibacter phosphatis 
tr|A0A0Q4PN28|A0A0Q4PN28_9BURK:	 Ammonium transporter Duganella sp. Leaf61 
tr|A0A198FKX3|A0A198FKX3_9GAMM:	 Ammonium transporter Proteus myxofaciens ATCC 19692 
tr|A0A0E3V1M0|A0A0E3V1M0_9BURK:	 Ammonium transporter Polynucleobacter duraquae 
tr|N6Y926|N6Y926_9RHOO:	 Ammonium transporter Thauera linaloolentis 47Lol = DSM 12138 
tr|A0A0Q4NQU6|A0A0Q4NQU6_9GAMM:	 Ammonium transporter Serratia sp. Leaf51 
tr|A0A0U3DB83|A0A0U3DB83_9BURK:	 Ammonium transporter Paucibacter sp. KCTC 42545 
tr|H2IZ00|H2IZ00_RAHAC:	 Ammonium transporter Rahnella aquatilis (strain ATCC 33071 / DSM 4594 / JCM 1683 / NBRC 105701 / NCIMB 13365 / CIP 78.65) 
tr|A0A2N0W8L7|A0A2N0W8L7_9GAMM:	 Ammonium transporter Rahnella sp. AA 
tr|A0A0H3FCG8|A0A0H3FCG8_RAHSY:	 Ammonium transporter Rahnella sp. (strain Y9602) 
tr|H8NYJ4|H8NYJ4_RAHAQ:	 Ammonium transporter Rahnella aquatilis HX2 
tr|A0A2N8L2C1|A0A2N8L2C1_9BURK:	 Ammonium transporter Paucibacter aquatile 
tr|A0A4P8SHW2|A0A4P8SHW2_9GAMM:	 Ammonium transporter Nissabacter sp. SGAir0207 
tr|A5DE35|A5DE35_PICGU:	 Ammonium transporter Meyerozyma guilliermondii (strain ATCC 6260 / CBS 566 / DSM 6381 / JCM 1539 / NBRC 10279 / NRRL Y-324) 
tr|A0A1W6ZDY8|A0A1W6ZDY8_9BORD:	 Ammonium transporter Bordetella genomosp. 13 
tr|A0A1S8FP37|A0A1S8FP37_9BURK:	 Ammonium transporter Polaromonas sp. A23 
tr|A0A1J0DEQ4|A0A1J0DEQ4_9BURK:	 Ammonium transporter Polynucleobacter asymbioticus 
tr|A0A1L9GP31|A0A1L9GP31_9BURK:	 Ammonium transporter Polynucleobacter sp. MWH-Adler-W8 
tr|A4T0A4|A4T0A4_POLAQ:	 Ammonium transporter Polynucleobacter asymbioticus (strain DSM 18221 / CIP 109841 / QLW-P1DMWA-1) 
tr|A0A561C9J1|A0A561C9J1_9BURK:	 Ammonium transporter Variovorax beijingensis 
tr|A0A1A9T5J8|A0A1A9T5J8_9PROT:	 Ammonium transporter Methylovorus sp. MM2 
tr|A0A5C7NPX1|A0A5C7NPX1_9PROT:	 Ammonium transporter Rhodospirillaceae bacterium 
tr|C5DCW5|C5DCW5_LACTC:	 Ammonium transporter Lachancea thermotolerans (strain ATCC 56472 / CBS 6340 / NRRL Y-8284) 
tr|A0A2M7FUE7|A0A2M7FUE7_9BURK:	 Ammonium transporter Comamonadaceae bacterium CG17_big_fil_post_rev_8_21_14_2_50_60_13 
tr|A0A2M8E1G2|A0A2M8E1G2_9BURK:	 Ammonium transporter Comamonadaceae bacterium CG_4_9_14_0_8_um_filter_60_18 
tr|A0A363SLV9|A0A363SLV9_9RHOO:	 Ammonium transporter Rhodocyclales bacterium 
tr|A0A2M6VJB2|A0A2M6VJB2_9BURK:	 Ammonium transporter Limnohabitans sp. JirII-31 
tr|A0A315C252|A0A315C252_9BURK:	 Ammonium transporter Limnohabitans sp. JirII-29 
tr|A0A1F4JZ15|A0A1F4JZ15_9BURK:	 Ammonium transporter Burkholderiales bacterium RIFCSPLOWO2_02_FULL_57_36 
tr|A0A208XI20|A0A208XI20_9BURK:	 Ammonium transporter Pigmentiphaga sp. NML080357 
tr|A0A1I2V9J9|A0A1I2V9J9_9BURK:	 Ammonium transporter Duganella sp. CF458 
tr|A0A0Q8R982|A0A0Q8R982_9BURK:	 Ammonium transporter Duganella sp. Root198D2 
tr|A0A0Q7XCU9|A0A0Q7XCU9_9BURK:	 Ammonium transporter Duganella sp. Root1480D1 
tr|A0A542LP41|A0A542LP41_9BURK:	 Ammonium transporter Herbaspirillum sp. SJZ107 
tr|A0A014MFU3|A0A014MFU3_9GAMM:	 Ammonium transporter Erwinia mallotivora 
tr|A5E3X2|A5E3X2_LODEL:	 Ammonium transporter Lodderomyces elongisporus (strain ATCC 11503 / CBS 2605 / JCM 1781 / NBRC 1676 / NRRL YB-4239) 
tr|A0A0Q7CVV5|A0A0Q7CVV5_9BURK:	 Ammonium transporter Methylibium sp. Root1272 
tr|W0I0K2|W0I0K2_9GAMM:	 Ammonium transporter Sodalis praecaptivus 
tr|A0A264VQM8|A0A264VQM8_PRORE:	 Ammonium transporter Providencia rettgeri 
tr|A0A2Z4JPK6|A0A2Z4JPK6_9BURK:	 Ammonium transporter Polynucleobacter paneuropaeus 
tr|A0A2T0XJN9|A0A2T0XJN9_9PROT:	 Ammonium transporter beta proteobacterium MWH-P2sevCIIIb 
tr|A0A016XCG9|A0A016XCG9_9BURK:	 Ammonium transporter Hylemonella gracilis str. Niagara R 
tr|A0A5E4YCR9|A0A5E4YCR9_9BURK:	 Ammonium transporter Pandoraea terrae 
tr|A0A1G6P986|A0A1G6P986_9BURK:	 Ammonium transporter Variovorax sp. CF079 
tr|A0A6N1XI60|A0A6N1XI60_9RHOO:	 Ammonium transporter Dechloromonas sp. 
tr|A0A4Q7VWN7|A0A4Q7VWN7_9BURK:	 Ammonium transporter Rivibacter subsaxonicus 
tr|A0A127JTU2|A0A127JTU2_9BURK:	 Ammonium transporter Ramlibacter tataouinensis 
tr|A0A1X1BYC5|A0A1X1BYC5_9GAMM:	 Ammonium transporter Pantoea conspicua 
tr|A0A212TDN6|A0A212TDN6_9BURK:	 Ammonium transporter Polynucleobacter victoriensis 
tr|A0A0A3ZAU5|A0A0A3ZAU5_9GAMM:	 Ammonium transporter Erwinia typographi 
tr|A0A0M2K5G4|A0A0M2K5G4_9GAMM:	 Ammonium transporter Erwinia tracheiphila 
tr|A0A4R3YNY5|A0A4R3YNY5_9GAMM:	 Ammonium transporter Biostraticola tofi 
tr|A0A345CNB1|A0A345CNB1_9GAMM:	 Ammonium transporter Erwinia tracheiphila 
tr|A0A285JNL6|A0A285JNL6_9ENTR:	 Ammonium transporter Enterobacter sp. CC120223-11 
tr|Q47K18|Q47K18_DECAR:	 Ammonium transporter Dechloromonas aromatica (strain RCB) 
tr|I0QM27|I0QM27_9GAMM:	 Ammonium transporter Serratia sp. M24T3 
tr|A0A1J0E3H3|A0A1J0E3H3_PRORE:	 Ammonium transporter Providencia rettgeri 
tr|A0A382HHN0|A0A382HHN0_9ZZZZ:	 Ammonium_transp domain-containing protein marine metagenome 
tr|A0A0A0DT65|A0A0A0DT65_9BURK:	 Ammonium transporter Aquabacterium sp. NJ1 
tr|A0A1X0WJB8|A0A1X0WJB8_9GAMM:	 Ammonium transporter Rouxiella badensis 
tr|A0A524B014|A0A524B014_9RHOO:	 Ammonium transporter Rhodocyclaceae bacterium 
tr|A0A1V4I4I9|A0A1V4I4I9_NITVU:	 Ammonium transporter Nitrobacter vulgaris 
tr|A0A258R3I6|A0A258R3I6_9BURK:	 Ammonium transporter Burkholderiales bacterium 28-67-8 
tr|A0A258MWQ2|A0A258MWQ2_9BURK:	 Ammonium transporter Polynucleobacter sp. 35-46-11 
tr|A0A259DQ14|A0A259DQ14_9BURK:	 Ammonium transporter Polynucleobacter sp. 24-46-87 
tr|A0A259IP32|A0A259IP32_9BURK:	 Ammonium transporter Polynucleobacter sp. 39-46-10 
tr|A0A1X0W6I6|A0A1X0W6I6_9GAMM:	 Ammonium transporter Rouxiella silvae 
tr|A0A4R1BD45|A0A4R1BD45_9PROT:	 Ammonium transporter Parasulfuritortus cantonensis 
tr|A0A4P6H007|A0A4P6H007_9BURK:	 Ammonium transporter Methylibium sp. Pch-M 
tr|A2SC45|A2SC45_METPP:	 Ammonium transporter Methylibium petroleiphilum (strain ATCC BAA-1232 / LMG 22953 / PM1) 
tr|A0A562DJY6|A0A562DJY6_9GAMM:	 Ammonium transporter Pseudoxanthomonas taiwanensis J19 
tr|A0A4R6Z7T0|A0A4R6Z7T0_9GAMM:	 Ammonium transporter Tahibacter aquaticus 
tr|A0A2U8HA29|A0A2U8HA29_9RHOO:	 Ammonium transporter Azoarcus communis 
tr|A0A516H7F1|A0A516H7F1_9PROT:	 Ammonium transporter Ferrovibrio terrae 
tr|A0A370P1A7|A0A370P1A7_9BURK:	 Ammonium transporter Cupriavidus lacunae 
tr|A0A1U9UIS1|A0A1U9UIS1_CUPNE:	 Ammonium transporter Cupriavidus necator 
tr|A0A0N7MLI2|A0A0N7MLI2_9SACH:	 Ammonium transporter Lachancea quebecensis 
tr|A0A2U1V5I9|A0A2U1V5I9_9PROT:	 Ammonium transporter Roseomonas aestuarii 
tr|A0A1F3GU46|A0A1F3GU46_9BACT:	 Ammonium transporter Bacteroidetes bacterium GWD2_45_23 
tr|A0A2N2SVK5|A0A2N2SVK5_9PROT:	 Ammonium transporter Betaproteobacteria bacterium HGW-Betaproteobacteria-19 
tr|A0A2U8GST6|A0A2U8GST6_9RHOO:	 Ammonium transporter Azoarcus communis 
tr|A0A6D2Y2V3|A0A6D2Y2V3_PONAB:	 RHCG isoform 2 Pongo abelii 
tr|A0A0Q5HD44|A0A0Q5HD44_9BURK:	 Ammonium transporter Massilia sp. Leaf139 
tr|M2ZLD5|M2ZLD5_9PROT:	 Ammonium transporter Magnetospirillum caucaseum 
tr|A0A2N2QXT5|A0A2N2QXT5_9PROT:	 Ammonium transporter Betaproteobacteria bacterium HGW-Betaproteobacteria-7 
tr|A0A6M8UCE6|A0A6M8UCE6_9GAMM:	 Ammonium transporter Erwiniaceae bacterium PD-1 
tr|A0A2K5W9B7|A0A2K5W9B7_MACFA:	 Rhesus blood group family type C glycoprotein Macaca fascicularis 
tr|G7MVX1|G7MVX1_MACMU:	 Rhesus blood group family type C glycoprotein Macaca mulatta 
tr|A0A4S3FK78|A0A4S3FK78_9BURK:	 Ammonium transporter Massilia sp. Mn16-1_5 
tr|A0A6D2VSP7|A0A6D2VSP7_PANTR:	 RHCG isoform 2 Pan troglodytes 
tr|A0A2W4TVC2|A0A2W4TVC2_9BURK:	 Ammonium transporter Burkholderiales bacterium 
tr|A0A095UL81|A0A095UL81_9GAMM:	 Ammonium transporter Tatumella morbirosei 
tr|K8VZC6|K8VZC6_9GAMM:	 Ammonium transporter Providencia sneebia DSM 19967 
tr|A0A1V2GWC4|A0A1V2GWC4_9PROT:	 Ammonium transporter Roseomonas deserti 
tr|A0A0E3U5K5|A0A0E3U5K5_9BURK:	 Ammonium transporter Pandoraea oxalativorans 
tr|A0A0H3WT62|A0A0H3WT62_9BURK:	 Ammonium transporter Pandoraea faecigallinarum 
tr|A0A5E4TZ12|A0A5E4TZ12_9BURK:	 Ammonium transporter Pandoraea fibrosis 
tr|A0A5E4TUY7|A0A5E4TUY7_9BURK:	 Ammonium transporter Pandoraea aquatica 
tr|A0A5E4ULN2|A0A5E4ULN2_9BURK:	 Ammonium transporter Pandoraea commovens 
tr|A0A5E4RTK4|A0A5E4RTK4_9BURK:	 Ammonium transporter Pandoraea nosoerga 
tr|A0A1W6CNQ0|A0A1W6CNQ0_9PROT:	 Ammonium transporter Magnetospirillum sp. ME-1 
tr|A0A0B5F313|A0A0B5F313_9BURK:	 Ammonium transporter Pandoraea apista 
tr|A0A5E5BMC0|A0A5E5BMC0_9BURK:	 Ammonium transporter Pandoraea bronchicola 
tr|A0A5E4VF10|A0A5E4VF10_9BURK:	 Ammonium transporter Pandoraea pneumonica 
tr|A0A2K1QC29|A0A2K1QC29_9GAMM:	 Ammonium transporter Mixta theicola 
tr|A0A3E2B9Y8|A0A3E2B9Y8_PRORE:	 Ammonium transporter Providencia rettgeri 
tr|A0A497XL67|A0A497XL67_9PROT:	 Ammonium transporter Sulfurisoma sediminicola 
tr|A0A443I9I5|A0A443I9I5_9GAMM:	 Ammonium transporter [Pantoea] beijingensis 
tr|A0A2T3CB30|A0A2T3CB30_9PSED:	 Ammonium transporter Pseudomonas sp. BBP2017 
tr|A0A6I6AUP2|A0A6I6AUP2_9GAMM:	 Ammonium transporter Pantoea sp. MSR2 
tr|A0A7U9IFM9|A0A7U9IFM9_9GAMM:	 Ammonium transporter Pantoea sp. AS-PWVM4 
tr|E6W9C7|E6W9C7_PANSA:	 Ammonium transporter Pantoea sp. (strain At-9b) 
tr|A0A120II44|A0A120II44_9BURK:	 Ammonium transporter Janthinobacterium sp. B9-8 
tr|A0A239C9M3|A0A239C9M3_9BURK:	 Ammonium transporter Noviherbaspirillum humi 
tr|A0A2S5T7V3|A0A2S5T7V3_9BURK:	 Ammonium transporter Schlegelella thermodepolymerans 
tr|F5RGM7|F5RGM7_METUF:	 Ammonium transporter Methyloversatilis universalis (strain ATCC BAA-1314 / JCM 13912 / FAM5) 
tr|A0A1Y0L5G8|A0A1Y0L5G8_TATCI:	 Ammonium transporter Tatumella citrea 
tr|A0A0S1Y0J4|A0A0S1Y0J4_9BORD:	 Ammonium transporter Bordetella sp. N 
tr|A0A193FW80|A0A193FW80_9BORD:	 Ammonium transporter Bordetella bronchialis 
tr|A0A193GGV6|A0A193GGV6_9BORD:	 Ammonium transporter Bordetella flabilis 
tr|A0A1W6Z1A0|A0A1W6Z1A0_9BORD:	 Ammonium transporter Bordetella genomosp. 9 
tr|A0A261RYQ6|A0A261RYQ6_9BORD:	 Ammonium transporter Bordetella genomosp. 10 
tr|A0A261UF32|A0A261UF32_9BORD:	 Ammonium transporter Bordetella genomosp. 11 
tr|A0A2H5DZR6|A0A2H5DZR6_9NEIS:	 Ammonium transporter Chromobacterium sp. ATCC 53434 
tr|A0A211ZGL5|A0A211ZGL5_9PROT:	 Ammonium transporter Inquilinus limosus 
tr|A0A2G4ISA0|A0A2G4ISA0_9PROT:	 Ammonium transporter Rhodospirillaceae bacterium 
tr|A0A0A0D6K5|A0A0A0D6K5_9PROT:	 Ammonium transporter Inquilinus limosus MP06 
tr|A0A126ZJD9|A0A126ZJD9_9BURK:	 Ammonium transporter Variovorax sp. PAMC 28711 
tr|A0A6L4YLA9|A0A6L4YLA9_9RHOO:	 Ammonium transporter Rhodocyclaceae bacterium 
tr|A0A4V3BW42|A0A4V3BW42_9BURK:	 Ammonium transporter Herminiimonas fonticola 
tr|A0A1I9Y2P5|A0A1I9Y2P5_9BURK:	 Ammonium transporter Janthinobacterium sp. 1_2014MBL_MicDiv 
tr|A0A059KH06|A0A059KH06_9BURK:	 Ammonium transporter Sphaerotilus natans subsp. natans DSM 6575 
tr|A0A171KU34|A0A171KU34_9BURK:	 Ammonium transporter Kerstersia gyiorum 
tr|A0A0L8RCS7|A0A0L8RCS7_SACEU:	 Ammonium transporter Saccharomyces eubayanus 
tr|A0A0L8VIH9|A0A0L8VIH9_9SACH:	 Ammonium transporter Saccharomyces boulardii (nom. inval.) 
tr|B3LNZ8|B3LNZ8_YEAS1:	 Ammonium transporter Saccharomyces cerevisiae (strain RM11-1a) 
tr|B5VQQ7|B5VQQ7_YEAS6:	 Ammonium transporter Saccharomyces cerevisiae (strain AWRI1631) 
tr|C8ZG87|C8ZG87_YEAS8:	 Ammonium transporter Saccharomyces cerevisiae (strain Lalvin EC1118 / Prise de mousse) 
tr|H0GMH6|H0GMH6_SACCK:	 Ammonium transporter Saccharomyces cerevisiae x Saccharomyces kudriavzevii (strain VIN7) 
tr|H0H060|H0H060_SACCK:	 Ammonium transporter Saccharomyces cerevisiae x Saccharomyces kudriavzevii (strain VIN7) 
tr|J8LIW4|J8LIW4_SACAR:	 Ammonium transporter Saccharomyces arboricola (strain H-6 / AS 2.3317 / CBS 10644) 
tr|N1P4A3|N1P4A3_YEASC:	 Ammonium transporter Saccharomyces cerevisiae (strain CEN.PK113-7D) 
tr|A0A1F4H1H1|A0A1F4H1H1_9BURK:	 Ammonium transporter Burkholderiales bacterium GWF1_66_17 
tr|A0A2N2U836|A0A2N2U836_9PROT:	 Ammonium transporter Betaproteobacteria bacterium HGW-Betaproteobacteria-15 
tr|U1ABF4|U1ABF4_9NEIS:	 Ammonium transporter Pseudogulbenkiania ferrooxidans EGD-HP2 
tr|A0A1S1X2Y3|A0A1S1X2Y3_9NEIS:	 Ammonium transporter Chromobacterium sphagni 
tr|A0A1S1XBX1|A0A1S1XBX1_9NEIS:	 Ammonium transporter Chromobacterium amazonense 
tr|A0A202B535|A0A202B535_CHRVL:	 Ammonium transporter Chromobacterium violaceum 
tr|A0A2K4MRS7|A0A2K4MRS7_9NEIS:	 Ammonium transporter Chromobacterium sp. MWU13-2610 
tr|A0A2L2B593|A0A2L2B593_9NEIS:	 Ammonium transporter Chromobacterium vaccinii 
tr|A0A2R2IWR2|A0A2R2IWR2_9NEIS:	 Ammonium transporter Chromobacterium sp. F49 
tr|A0A2S5DLD5|A0A2S5DLD5_9NEIS:	 Ammonium transporter Chromobacterium sp. MWU14-2602 
tr|A0A344UKQ9|A0A344UKQ9_9NEIS:	 Ammonium transporter Chromobacterium phragmitis 
tr|A0A5C1DBU2|A0A5C1DBU2_9NEIS:	 Ammonium transporter Chromobacterium paludis 
tr|A0A1F4DD73|A0A1F4DD73_9PROT:	 Ammonium transporter Betaproteobacteria bacterium RIFCSPLOWO2_12_FULL_62_58 
tr|A0A0F2L010|A0A0F2L010_9PROT:	 Ammonium transporter Azospirillum thiophilum 
tr|A0A4P6H4H6|A0A4P6H4H6_9HYPH:	 Ammonium transporter Mesorhizobium sp. Pch-S 
tr|A0A077FLP3|A0A077FLP3_9PSED:	 Ammonium transporter Pseudomonas alkylphenolica 
tr|A0A2M9VSD6|A0A2M9VSD6_9PSED:	 Ammonium transporter Pseudomonas donghuensis 
tr|A0A411MBU4|A0A411MBU4_9PSED:	 Ammonium transporter Pseudomonas sp. SNU WT1 
tr|A0A443ZZX9|A0A443ZZX9_9PSED:	 Ammonium transporter Pseudomonas alkylphenolica 
tr|A0A6I6VAN9|A0A6I6VAN9_9PSED:	 Ammonium transporter Pseudomonas sp. R32 
tr|A0A1H0ZKN1|A0A1H0ZKN1_9PSED:	 Ammonium transporter Pseudomonas sp. UC 17F4 
tr|A0A423D770|A0A423D770_9PSED:	 Ammonium transporter Pseudomonas vranovensis 
tr|A0A2N2RJB8|A0A2N2RJB8_9PROT:	 Ammonium transporter Betaproteobacteria bacterium HGW-Betaproteobacteria-3 
tr|A0A1G7AEM1|A0A1G7AEM1_9PROT:	 Ammonium transporter Belnapia rosea 
tr|A0A388RB51|A0A388RB51_9BURK:	 Ammonium transporter Cupriavidus sp. P-10 
tr|A0A512UCP5|A0A512UCP5_9ASCO:	 Ammonium transporter Metschnikowia sp. JCM 33374 
tr|A0A2H0ZGU0|A0A2H0ZGU0_CANAR:	 Ammonium transporter Candida auris 
tr|A0A510P8F4|A0A510P8F4_CANAR:	 Ammonium transporter Candida auris 
tr|A0A0H2QT12|A0A0H2QT12_9GAMM:	 Ammonium transporter Moellerella wisconsensis 
tr|A0A0N0Z8M1|A0A0N0Z8M1_9GAMM:	 Ammonium transporter Moellerella wisconsensis ATCC 35017 
tr|W4LPW8|W4LPW8_9BACT:	 Ammonium transporter Candidatus Entotheonella factor 
tr|W4LZF8|W4LZF8_9BACT:	 Ammonium transporter Candidatus Entotheonella gemina 
tr|A0A421JJ98|A0A421JJ98_9ASCO:	 Ammonium transporter Spathaspora sp. JA1 
tr|A0A2D0IQG7|A0A2D0IQG7_9GAMM:	 Ammonium transporter Xenorhabdus ehlersii 
tr|A0A1A0HD25|A0A1A0HD25_9ASCO:	 Ammonium transporter Metschnikowia bicuspidata var. bicuspidata NRRL YB-4993 
tr|A0A2K9LDW1|A0A2K9LDW1_9RHOO:	 Ammonium transporter Rhodocyclaceae bacterium 
tr|A0A2S0QZR5|A0A2S0QZR5_9RHOO:	 Ammonium transporter Zoogloeaceae bacteirum Par-f-2 
tr|A0A085FK72|A0A085FK72_9BURK:	 Ammonium transporter Massilia sp. LC238 
tr|A0A1S9ALX6|A0A1S9ALX6_9BURK:	 Ammonium transporter Massilia sp. KIM 
tr|A0A178MLE9|A0A178MLE9_9PROT:	 Ammonium transporter Magnetospirillum moscoviense 
tr|A0A2D0KI10|A0A2D0KI10_9GAMM:	 Ammonium transporter Xenorhabdus ishibashii 
tr|A0A1Q5U5I9|A0A1Q5U5I9_9GAMM:	 Ammonium transporter Xenorhabdus thuongxuanensis 
tr|A0A0A1FH45|A0A0A1FH45_9BURK:	 Ammonium transporter Collimonas arenae 
tr|A0A1H3JF25|A0A1H3JF25_9BURK:	 Ammonium transporter Collimonas sp. OK242 
tr|A0A1I3DFA7|A0A1I3DFA7_9BURK:	 Ammonium transporter Collimonas sp. OK307 
tr|A0A2A9KDU8|A0A2A9KDU8_9BURK:	 Ammonium transporter Collimonas sp. PA-H2 
tr|A0A2T6F4X6|A0A2T6F4X6_9BURK:	 Ammonium transporter Glaciimonas sp. PCH181 
tr|A0A1I1A175|A0A1I1A175_9BURK:	 Ammonium transporter Collimonas sp. OK607 
tr|A0A5J6QV42|A0A5J6QV42_9PSED:	 Ammonium transporter Pseudomonas lalkuanensis 
tr|R8ANP1|R8ANP1_PLESH:	 Ammonium transporter Plesiomonas shigelloides 302-73 
tr|A0A2P1VL33|A0A2P1VL33_PLESH:	 Ammonium transporter Plesiomonas shigelloides 
tr|A0A1I1H6C5|A0A1I1H6C5_9BURK:	 Ammonium transporter Collimonas sp. OK412 
tr|A0A1G6ABL9|A0A1G6ABL9_9HYPH:	 Ammonium transporter Bauldia litoralis 
tr|A0A1I1M9W1|A0A1I1M9W1_9BURK:	 Ammonium transporter Cupriavidus sp. OV038 
tr|V8QQ64|V8QQ64_9BURK:	 Ammonium transporter Advenella kashmirensis W13003 
tr|A0A0K6GT69|A0A0K6GT69_9NEIS:	 Ammonium transporter Gulbenkiania indica 
tr|A0A4Q2JC97|A0A4Q2JC97_9NEIS:	 Ammonium transporter Crenobacter cavernae 
tr|A0A1J5C6X1|A0A1J5C6X1_9BURK:	 Ammonium transporter Comamonadaceae bacterium CG2_30_59_20 
tr|A0A2M8BQG4|A0A2M8BQG4_9BURK:	 Ammonium transporter Comamonadaceae bacterium CG_4_9_14_3_um_filter_60_33 
tr|A0A261VK16|A0A261VK16_9BORD:	 Ammonium transporter Bordetella genomosp. 12 
tr|A0A261VS39|A0A261VS39_9BORD:	 Ammonium transporter Bordetella genomosp. 2 
tr|A0A286GSX4|A0A286GSX4_9PROT:	 Ammonium transporter Caenispirillum bisanense 
tr|A0A2G8THL3|A0A2G8THL3_9BURK:	 Ammonium transporter Massilia eurypsychrophila 
tr|A0A2V1K1C6|A0A2V1K1C6_9BURK:	 Ammonium transporter Corticimicrobacter populi 
tr|A0A085HMI3|A0A085HMI3_9GAMM:	 Ammonium transporter Leminorella grimontii ATCC 33999 = DSM 5078 
tr|A0A1B3EEW6|A0A1B3EEW6_9PSED:	 Ammonium transporter Pseudomonas sp. TCU-HL1 
tr|A0A2G0Q8T7|A0A2G0Q8T7_9GAMM:	 Ammonium transporter Xenorhabdus hominickii 
tr|A0A0M0TAB0|A0A0M0TAB0_9GAMM:	 Ammonium transporter Xenorhabdus sp. GDc328 
tr|A0A1Q5TW30|A0A1Q5TW30_9GAMM:	 Ammonium transporter Xenorhabdus eapokensis 
tr|A0A1B9LJY2|A0A1B9LJY2_9GAMM:	 Ammonium transporter Gilliamella apicola 
tr|A0A315AHE1|A0A315AHE1_9BURK:	 Ammonium transporter Limnohabitans sp. T6-5 
tr|A0A2D0L7G0|A0A2D0L7G0_9GAMM:	 Ammonium transporter Xenorhabdus kozodoii 
tr|A0A0J6KGU1|A0A0J6KGU1_9NEIS:	 Ammonium transporter Chromobacterium sp. LK1 
tr|A0A1Q3AIP7|A0A1Q3AIP7_ZYGRO:	 Ammonium transporter Zygosaccharomyces rouxii 
tr|A0A522WAU4|A0A522WAU4_9BACT:	 Ammonium transporter bacterium 
tr|A0A1Q3A581|A0A1Q3A581_ZYGRO:	 Ammonium transporter Zygosaccharomyces rouxii 
tr|C5DZK9|C5DZK9_ZYGRC:	 Ammonium transporter Zygosaccharomyces rouxii (strain ATCC 2623 / CBS 732 / NBRC 1130 / NCYC 568 / NRRL Y-229) 
tr|A0A1F4F243|A0A1F4F243_9PROT:	 Ammonium transporter Betaproteobacteria bacterium RIFCSPLOWO2_12_FULL_68_20 
tr|A0A0J6NM64|A0A0J6NM64_9NEIS:	 Ammonium transporter Chromobacterium sp. LK11 
tr|A0A560DDZ0|A0A560DDZ0_AZOBR:	 Ammonium transporter Azospirillum brasilense 
tr|A0A4D8R1G3|A0A4D8R1G3_AZOBR:	 Ammonium transporter Azospirillum brasilense 
tr|A0A560CHX7|A0A560CHX7_AZOBR:	 Ammonium transporter Azospirillum brasilense 
tr|A0A6L3B3Q7|A0A6L3B3Q7_AZOBR:	 Ammonium transporter Azospirillum brasilense 
tr|A0A1I4CWN6|A0A1I4CWN6_9PROT:	 Ammonium transporter Roseomonas stagni DSM 19981 
tr|A0A1W0D6B2|A0A1W0D6B2_9NEIS:	 Ammonium transporter Chromobacterium haemolyticum 
tr|A0A2T5NME3|A0A2T5NME3_9NEIS:	 Ammonium transporter Chromobacterium sp. Panama 
tr|A0A2T5P223|A0A2T5P223_9NEIS:	 Ammonium transporter Chromobacterium haemolyticum 
tr|A0A1X7PXH6|A0A1X7PXH6_AZOLI:	 Ammonium transporter Azospirillum lipoferum 
tr|A0A1M7DGY1|A0A1M7DGY1_MORMO:	 Ammonium transporter Morganella morganii 
tr|A0A2S1BIN7|A0A2S1BIN7_MORMO:	 Ammonium transporter Morganella morganii 
tr|A0A433ZQ80|A0A433ZQ80_MORMO:	 Ammonium transporter Morganella morganii 
tr|M7CDZ4|M7CDZ4_MORMO:	 Ammonium transporter Morganella morganii SC01 
tr|A0A1I3Q8U6|A0A1I3Q8U6_9GAMM:	 Ammonium transporter Xenorhabdus mauleonii 
tr|A0A261REG2|A0A261REG2_9BORD:	 Ammonium transporter Bordetella genomosp. 7 
tr|A0A075WBP9|A0A075WBP9_ARCFL:	 Ammonium transporter Archaeoglobus fulgidus DSM 8774 
tr|A0A178MNE5|A0A178MNE5_9PROT:	 Ammonium transporter Magnetospirillum marisnigri 
tr|A0A364P3T1|A0A364P3T1_9PROT:	 Ammonium transporter Magnetospirillum kuznetsovii 
tr|A0A522X4V7|A0A522X4V7_9PROT:	 Ammonium transporter Magnetospirillum sp. 
tr|A0A0L8ESX8|A0A0L8ESX8_9BURK:	 Ammonium transporter Achromobacter sp. DMS1 
tr|A0A2C5TWB4|A0A2C5TWB4_MORMO:	 Ammonium transporter Morganella morganii 
tr|M1SJL5|M1SJL5_MORMO:	 Ammonium transporter Morganella morganii subsp. morganii KT 
tr|A0A0C2YRU3|A0A0C2YRU3_MAGMG:	 Ammonium transporter Magnetospirillum magnetotacticum MS-1 
tr|S9TEQ2|S9TEQ2_MAGFU:	 Ammonium transporter Magnetospirillum fulvum MGU-K5 
tr|A0A1H6GWD9|A0A1H6GWD9_MAGFU:	 Ammonium transporter Magnetospirillum fulvum 
tr|A0A2U2HIR8|A0A2U2HIR8_9BURK:	 Ammonium transporter Massilia glaciei 
tr|Q2WBF7|Q2WBF7_MAGSA:	 Ammonium transporter Magnetospirillum magneticum (strain AMB-1 / ATCC 700264) 
tr|A0A095UT68|A0A095UT68_9BURK:	 Ammonium transporter Achromobacter sp. RTa 
tr|A0A0Q8WMD0|A0A0Q8WMD0_9BURK:	 Ammonium transporter Achromobacter sp. Root83 
tr|A0A0X8NXA9|A0A0X8NXA9_ALCXX:	 Ammonium transporter Alcaligenes xylosoxydans xylosoxydans 
tr|A0A1N7RDL9|A0A1N7RDL9_9BURK:	 Ammonium transporter Achromobacter sp. MFA1 R4 
tr|A0A2I8DJJ1|A0A2I8DJJ1_9BURK:	 Ammonium transporter Achromobacter sp. AONIH1 
tr|A0A2N8KQL3|A0A2N8KQL3_9BURK:	 Ammonium transporter Achromobacter pulmonis 
tr|A0A2S5GK14|A0A2S5GK14_9BURK:	 Ammonium transporter Achromobacter spanius 
tr|A0A2S8V719|A0A2S8V719_9BURK:	 Ammonium transporter Achromobacter sp. MYb9 
tr|F7T558|F7T558_9BURK:	 Ammonium transporter Achromobacter insuavis AXX-A 
tr|H0F366|H0F366_9BURK:	 Ammonium transporter Achromobacter arsenitoxydans SY8 
tr|U7U931|U7U931_9BURK:	 Ammonium transporter Alcaligenes sp. EGD-AK7 
tr|A0A261U501|A0A261U501_9BORD:	 Ammonium transporter Bordetella genomosp. 4 
tr|A0A4Q7YM74|A0A4Q7YM74_9GAMM:	 Ammonium transporter Fluviicoccus keumensis 
tr|A0A7H9I1A9|A0A7H9I1A9_9SACH:	 Ammonium transporter Torulaspora sp. CBS 2947 
tr|A0A6C2D1I3|A0A6C2D1I3_9RHOO:	 Ammonium transporter Zoogloea oleivorans 
tr|A0A1M7R9U5|A0A1M7R9U5_9BURK:	 Ammonium transporter Duganella sacchari 
tr|A0A147GP06|A0A147GP06_9BURK:	 Ammonium transporter Pseudacidovorax intermedius 
tr|A0A1G7AGZ0|A0A1G7AGZ0_9BURK:	 Ammonium transporter Paraburkholderia lycopersici 
tr|A0A328XEI8|A0A328XEI8_9BURK:	 Ammonium transporter Paraburkholderia unamae 
tr|A0A1H4HNA4|A0A1H4HNA4_9BURK:	 Ammonium transporter Variovorax sp. YR216 
tr|A0A1F4HS30|A0A1F4HS30_9BURK:	 Ammonium transporter Burkholderiales bacterium RIFCSPHIGHO2_12_FULL_69_20 
tr|A0A0D0MLA5|A0A0D0MLA5_VARPD:	 Ammonium transporter Variovorax paradoxus 
tr|E6V181|E6V181_VARPE:	 Ammonium transporter Variovorax paradoxus (strain EPS) 
tr|A0A2W6W1B0|A0A2W6W1B0_9RHOO:	 Ammonium transporter Thauera sp. 
tr|A0A0Q8BP11|A0A0Q8BP11_9BURK:	 Ammonium transporter Achromobacter sp. Root565 
tr|A0A176XNC5|A0A176XNC5_ALCXX:	 Ammonium transporter Alcaligenes xylosoxydans xylosoxydans 
tr|A0A2S0I5P6|A0A2S0I5P6_9BURK:	 Ammonium transporter Achromobacter spanius 
tr|A0A2T5J3H1|A0A2T5J3H1_9GAMM:	 Ammonium transporter Agitococcus lubricus 
tr|A0A244E6Y9|A0A244E6Y9_9BURK:	 Ammonium transporter Variovorax sp. JS1663 
tr|A0A419GWS4|A0A419GWS4_9BACT:	 Ammonium transporter Nitrospiraceae bacterium 
tr|T1X3B2|T1X3B2_VARPD:	 Ammonium transporter Variovorax paradoxus B4 
tr|A0A0Q6N291|A0A0Q6N291_9BURK:	 Ammonium transporter Variovorax sp. Root318D1 
tr|A0A1G8RW99|A0A1G8RW99_9BURK:	 Ammonium transporter Variovorax sp. OV700 
tr|C5CX78|C5CX78_VARPS:	 Ammonium transporter Variovorax paradoxus (strain S110) 
tr|A0A1F9D3W5|A0A1F9D3W5_9DELT:	 Ammonium transporter Deltaproteobacteria bacterium RBG_16_48_10 
tr|A0A0Q5Z3S7|A0A0Q5Z3S7_9BURK:	 Ammonium transporter Ramlibacter sp. Leaf400 
tr|A0A1F4GD87|A0A1F4GD87_9PROT:	 Ammonium transporter Betaproteobacteria bacterium RIFCSPLOWO2_12_FULL_66_14 
tr|A0A1F4BII8|A0A1F4BII8_9PROT:	 Ammonium transporter Betaproteobacteria bacterium RIFCSPLOWO2_02_FULL_65_24 
tr|A0A101GVQ4|A0A101GVQ4_9FIRM:	 Ammonium transporter Desulfotomaculum sp. 46_80 
tr|A0A1J5BTT4|A0A1J5BTT4_9PROT:	 Ammonium transporter Betaproteobacteria bacterium CG2_30_68_42 
tr|A0A2M7Y0Z7|A0A2M7Y0Z7_9RHOO:	 Ammonium transporter Rhodocyclales bacterium CG_4_9_14_3_um_filter_68_10 
tr|A0A6L5C6T2|A0A6L5C6T2_9INSE:	 Ammonium transporter Ephemera danica 
tr|A0A101G956|A0A101G956_9FIRM:	 Ammonium transporter Desulfotomaculum sp. 46_296 
tr|A0A2N2DCH6|A0A2N2DCH6_9FIRM:	 Ammonium transporter Firmicutes bacterium HGW-Firmicutes-14 
tr|A0A0F2PP61|A0A0F2PP61_9FIRM:	 Ammonia channel protein Peptococcaceae bacterium BRH_c4b 
tr|A0A4Y6KZN0|A0A4Y6KZN0_9RHOO:	 Ammonium transporter Azoarcus sp. DD4 
tr|A0A1F4FK20|A0A1F4FK20_9PROT:	 Ammonium transporter Betaproteobacteria bacterium RIFCSPLOWO2_12_FULL_65_14 
tr|A0A484RHH5|A0A484RHH5_9ZZZZ:	 Ammonium transporter plant metagenome 
tr|A0A259CSK4|A0A259CSK4_9BURK:	 Ammonium transporter Polynucleobacter sp. 24-46-87 
tr|A0A0A2VTL5|A0A0A2VTL5_BEABA:	 ATP phosphoribosyltransferase Beauveria bassiana D1-5 
